{
    "train_loss": [
        0.6855038073398411,
        0.6229895497563043,
        0.6036668687359865,
        0.590917975441225,
        0.58371345431947,
        0.578873033780279,
        0.5747986653847481,
        0.5668479900942174,
        0.557885228157806,
        0.5480871734969905,
        0.5448447543738494,
        0.5427157267896351,
        0.5375675025588668,
        0.5371400119780477,
        0.5352176255953591,
        0.5322730557750791,
        0.5313736829104454,
        0.5276711048093686,
        0.528691279799191,
        0.5244725688434104,
        0.5215592837409933,
        0.523412320500752,
        0.5192452964942846,
        0.5162637267730383,
        0.5136879408346818,
        0.5180082150868007,
        0.5108429122962423,
        0.5152932221828493,
        0.5096512838467352,
        0.507668989934901,
        0.5051133764196815,
        0.5068679241133905,
        0.5083735122927217,
        0.5054152251115994,
        0.5036749658045738,
        0.5006208695900212,
        0.5017891144320401,
        0.4983494233475057,
        0.49661809901820064,
        0.49404076717174383,
        0.49833921405043935,
        0.4923545178859981,
        0.49321189487793804,
        0.48874753885177663,
        0.4900512717553039,
        0.4899368685032767,
        0.48638214053375634,
        0.48373924232304477,
        0.48249401468267317,
        0.4800420693560704
    ],
    "train_acc": [
        55.68,
        65.14333333333333,
        67.19333333333333,
        68.28,
        68.83,
        69.38,
        69.95,
        70.53,
        71.36,
        72.46333333333334,
        72.86333333333333,
        72.65666666666667,
        73.02666666666667,
        73.3,
        73.2,
        73.56,
        73.66,
        74.10333333333334,
        73.84666666666666,
        74.10666666666667,
        74.25,
        74.39,
        74.44,
        74.68,
        74.99333333333334,
        74.85333333333334,
        75.00333333333333,
        74.78666666666666,
        75.27333333333333,
        75.33666666666667,
        75.54333333333334,
        75.52,
        75.28,
        75.57333333333334,
        75.68333333333334,
        75.82333333333334,
        75.98333333333333,
        76.22666666666667,
        76.54333333333334,
        76.38666666666667,
        75.81333333333333,
        76.41333333333333,
        76.51,
        76.93333333333334,
        76.69,
        77.03333333333333,
        77.06,
        77.01666666666667,
        77.21,
        77.33333333333333
    ],
    "val_loss": [],
    "val_acc": []
}